{
    "Length (major axis)":{
        "mean":289.8523237769,
        "std":62.5252991015,
        "min":151.3352661133,
        "max":515.3524780273
    },
    "Width (minor axis)":{
        "mean":171.0057102467,
        "std":29.8554697392,
        "min":88.05052948,
        "max":258.5697937012
    },
    "Thickness (depth)":{
        "mean":109.8779860915,
        "std":19.1013651598,
        "min":59.4942779541,
        "max":181.845199585
    },
    "Area":{
        "mean":26452.0975416336,
        "std":13716.5640961984,
        "min":6037.0,
        "max":89282.0
    },
    "Perimeter":{
        "mean":743.3053961746,
        "std":230.2044478045,
        "min":311.5634888411,
        "max":1864.9473866224
    },
    "Roundness":{
        "mean":0.4707922462,
        "std":0.1183150246,
        "min":0.1783044211,
        "max":0.6972926432
    },
    "Solidity":{
        "mean":0.9559726267,
        "std":0.0395344637,
        "min":0.7187724634,
        "max":0.992889123
    },
    "Compactness":{
        "mean":1.8263962818,
        "std":0.8002082156,
        "min":1.1644687273,
        "max":9.660057066
    },
    "Extent":{
        "mean":0.7246234495,
        "std":0.047380926,
        "min":0.4545377868,
        "max":0.845812508
    },
    "Convex hull(convex area)":{
        "mean":27634.4195083267,
        "std":14171.7546620513,
        "min":6355.0,
        "max":90642.5
    },
    "Perspective":{
        "mean":0.0348929421,
        "std":0.8023491444,
        "min":-1.0,
        "max":1.0
    }
}