{
    "Length (major axis)":{
        "mean":290.8614418848,
        "std":52.5416457092,
        "min":151.3352661133,
        "max":515.3524780273
    },
    "Width (minor axis)":{
        "mean":171.0652418671,
        "std":24.6198167884,
        "min":88.05052948,
        "max":258.5697937012
    },
    "Thickness (depth)":{
        "mean":109.8308875302,
        "std":15.2979407792,
        "min":59.4942779541,
        "max":181.845199585
    },
    "Area":{
        "mean":26528.2091593973,
        "std":13830.8533409691,
        "min":6037.0,
        "max":89282.0
    },
    "Perimeter":{
        "mean":743.9289199275,
        "std":231.0870397796,
        "min":311.5634888411,
        "max":1864.9473866224
    },
    "Roundness":{
        "mean":0.4703506985,
        "std":0.0984432808,
        "min":0.1737484552,
        "max":0.6972926432
    },
    "Solidity":{
        "mean":0.9559075324,
        "std":0.0396263851,
        "min":0.7187724634,
        "max":0.992889123
    },
    "Compactness":{
        "mean":1.8271261431,
        "std":0.8059952892,
        "min":1.1644687273,
        "max":9.660057066
    },
    "Extent":{
        "mean":0.7248276584,
        "std":0.0473822604,
        "min":0.4545377868,
        "max":0.8388227104
    },
    "Convex hull(convex area)":{
        "mean":27710.0402458366,
        "std":14288.0319102101,
        "min":6355.0,
        "max":90642.5
    }
}