{
    "Length (major axis)":{
        "mean":290.2373160003,
        "std":52.3802248316,
        "min":151.3352661133,
        "max":506.3724060059
    },
    "Width (minor axis)":{
        "mean":170.9841613833,
        "std":24.465708835,
        "min":88.05052948,
        "max":258.5697937012
    },
    "Thickness (depth)":{
        "mean":109.5849296068,
        "std":15.244492384,
        "min":59.4942779541,
        "max":181.845199585
    },
    "Area":{
        "mean":26394.3023394132,
        "std":13825.9079516505,
        "min":6037.0,
        "max":89282.0
    },
    "Perimeter":{
        "mean":741.2442603994,
        "std":230.420973433,
        "min":311.5634888411,
        "max":1864.9473866224
    },
    "Roundness":{
        "mean":0.4696290109,
        "std":0.098337907,
        "min":0.1737484552,
        "max":0.6972926432
    },
    "Solidity":{
        "mean":0.9560700863,
        "std":0.0394093105,
        "min":0.7187724634,
        "max":0.992889123
    },
    "Compactness":{
        "mean":1.8208157152,
        "std":0.7882492665,
        "min":1.1674680701,
        "max":9.660057066
    },
    "Extent":{
        "mean":0.7245473947,
        "std":0.0473260185,
        "min":0.4545377868,
        "max":0.845812508
    },
    "Convex hull(convex area)":{
        "mean":27565.9934575734,
        "std":14278.1430179458,
        "min":6355.0,
        "max":90642.5
    }
}