{
    "Length (major axis)":{
        "mean":290.8282221865,
        "std":52.216777259,
        "min":151.3352661133,
        "max":515.3524780273
    },
    "Width (minor axis)":{
        "mean":171.0088002471,
        "std":24.5863895536,
        "min":88.05052948,
        "max":258.5697937012
    },
    "Thickness (depth)":{
        "mean":109.8070214727,
        "std":15.0460058863,
        "min":59.4942779541,
        "max":181.845199585
    },
    "Area":{
        "mean":26613.6944885012,
        "std":13817.798853394,
        "min":6177.0,
        "max":89282.0
    },
    "Perimeter":{
        "mean":746.141057771,
        "std":231.6858837913,
        "min":320.7350617647,
        "max":1864.9473866224
    },
    "Roundness":{
        "mean":0.4710908087,
        "std":0.0988911337,
        "min":0.1737484552,
        "max":0.6972926432
    },
    "Solidity":{
        "mean":0.9555766885,
        "std":0.0396987105,
        "min":0.7187724634,
        "max":0.992889123
    },
    "Compactness":{
        "mean":1.8292041375,
        "std":0.8011821844,
        "min":1.1644687273,
        "max":9.660057066
    },
    "Extent":{
        "mean":0.724284364,
        "std":0.0476195477,
        "min":0.4545377868,
        "max":0.845812508
    },
    "Convex hull(convex area)":{
        "mean":27812.1504758128,
        "std":14279.3560108968,
        "min":6522.0,
        "max":90642.5
    }
}