{
    "Length (major axis)":{
        "mean":290.4238281092,
        "std":51.9026535093,
        "min":151.3352661133,
        "max":515.3524780273
    },
    "Width (minor axis)":{
        "mean":171.1602851765,
        "std":24.3187498568,
        "min":88.05052948,
        "max":258.5697937012
    },
    "Thickness (depth)":{
        "mean":109.7853165239,
        "std":15.1200592557,
        "min":59.4942779541,
        "max":181.845199585
    },
    "Area":{
        "mean":26555.3300951626,
        "std":13820.4685507724,
        "min":6037.0,
        "max":89282.0
    },
    "Perimeter":{
        "mean":742.9470273666,
        "std":231.5110044493,
        "min":311.5634888411,
        "max":1864.9473866224
    },
    "Roundness":{
        "mean":0.4715021152,
        "std":0.0978332768,
        "min":0.1737484552,
        "max":0.6972926432
    },
    "Solidity":{
        "mean":0.956442079,
        "std":0.0390617986,
        "min":0.7187724634,
        "max":0.992889123
    },
    "Compactness":{
        "mean":1.8170458328,
        "std":0.7969563316,
        "min":1.1644687273,
        "max":9.660057066
    },
    "Extent":{
        "mean":0.7251430661,
        "std":0.046462269,
        "min":0.4545377868,
        "max":0.845812508
    },
    "Convex hull(convex area)":{
        "mean":27725.9111816019,
        "std":14275.9107421798,
        "min":6355.0,
        "max":90642.5
    }
}