{
    "Length (major axis)":{
        "mean":290.0712671945,
        "std":62.5231777847,
        "min":151.3352661133,
        "max":515.3524780273
    },
    "Width (minor axis)":{
        "mean":171.0668356658,
        "std":30.0579030657,
        "min":88.05052948,
        "max":258.5697937012
    },
    "Thickness (depth)":{
        "mean":109.7356912067,
        "std":19.2564302746,
        "min":59.4942779541,
        "max":181.845199585
    },
    "Area":{
        "mean":26544.4011213048,
        "std":13751.4796606817,
        "min":6037.0,
        "max":89282.0
    },
    "Perimeter":{
        "mean":748.5271726762,
        "std":233.4817736209,
        "min":311.5634888411,
        "max":1864.9473866224
    },
    "Roundness":{
        "mean":0.4706343438,
        "std":0.1189445334,
        "min":0.1737484552,
        "max":0.6972926432
    },
    "Solidity":{
        "mean":0.9548375899,
        "std":0.0413117438,
        "min":0.7187724634,
        "max":0.992081448
    },
    "Compactness":{
        "mean":1.8531059432,
        "std":0.8405776049,
        "min":1.1724276619,
        "max":9.0854593469
    },
    "Aspect Ratio":{
        "mean":1.745803864,
        "std":0.1971730445,
        "min":1.4000816731,
        "max":2.5984852926
    },
    "Eccentricity":{
        "mean":0.811956726,
        "std":0.0402385515,
        "min":0.6998967364,
        "max":0.9229834746
    },
    "Extent":{
        "mean":0.7238343822,
        "std":0.0479874403,
        "min":0.4545377868,
        "max":0.8388227104
    },
    "Convex hull(convex area)":{
        "mean":27757.4051987768,
        "std":14204.9700181811,
        "min":6355.0,
        "max":90642.5
    }
}